episode,steps,total_reward,cov_reward,col_reward,aux_reward,coverage_per_step,aux_per_step,collisions
1,615,492.5544280926427,362.70000000000226,-8.0,148.87942809263845,0.5897560975609792,0.24208037088233894,1.0
